Caixa;Localização/Tipo;Projeto/Categoria;Descrição;Data/Período;Obs;
1;Prado Chaves – Diretoria 8º andar;Lux Publicações;Lux Publicações;1994 a 1996; ;
2;Prado Chaves – Diretoria 8º andar;Caminhos de San Conrado;Caminhos de San Conrado (Correspondências Recebidas e Expedidas, documentos legais, propostas, diversos);-; ;
3;Prado Chaves – Diretoria 8º andar;Múltiplos projetos;Caminhos de San Conrado - Tenis Clube Campinas/ Ribeirão Preto - Correspondências Recebidas e Expedidas, Estudos, contratos, propostas, diversos/ D. Maria Cecília - Diversos;-; ;
4;Prado Chaves – Diretoria 8º andar;Múltiplos projetos;Edifícios: José Martins Borges (Av. Paulista 302) Edifício Paulino Longo (Rua Cincinato Braga, 144) - Correspondências Expedidas e Recebidas, Plantas, Relatório Falcão Bauer, Correspondências;-; ;
5;Prado Chaves – Diretoria 8º andar;Múltiplos projetos; Aricanduva - Correspondências Expedidas e Recebidas, Documentos Legais, Minutas, Plantas, Contratos / Residencial Morumbi- Correspondências Expedidas e Recebidas, Contratos, Orçamentos, Propostas, Requerimentos / Somobra - Correspondências Expedidas e Recebidas, Documentos Legais / Minutas/ Diversos;-; ;
 ;;;;;;
;;;;;;
6;Prado Chaves – Diretoria 8º andar;Capital Center Hotéis;Capital Center Hotéis - Correspondências Recebidas, Expedidas, Contratos, Recibos, Requerimentos, Estudos, Documentos Legais;-; ;
;;;;;;
7;Prado Chaves – Diretoria 8º andar;Solarium;Solarium - Correspond ncias Recebidas, Expedidas, Plantas, Documentos Legais, Diversos;-; ;
7;Prado Chaves – Diretoria 8º andar;Fazenda Santa Cândida;Fazenda Santa Cândida- Correspondências Recebidas, Diversos, Docs Legais;-; ;
;;;;;;
8;Prado Chaves – Diretoria 8º andar;Fazenda Santa Cândida;Fazenda Santa Cândida - Diversos;-; ;
8;Prado Chaves – Diretoria 8º andar;Fazenda Santa Adelaide;Fazenda Santa Adelaide - Correspondências Recebidas, Expedidas, Diversos;-; ;
;;;;;;
9;Prado Chaves – Diretoria 8º andar;Metropolitan Plaza;Metropolitan Plaza - Correspondências Recebidas, Expedidas, Contratos, Orçamentos, Propostas, Documentos, Minutas;-; ;
;;;;;;
10;Prado Chaves – Diretoria 8º andar;FIABCI; FIABCI - Correspondências Recebidas e Expedidas - 1989 a 1990;1988 a 1990; ;
10;Prado Chaves – Diretoria 8º andar;FIABCI; FIABCI -Documentos Diversos - 1988 a 1990;; ;
;;;;;;
11;Prado Chaves – Diretoria 8º andar;FIABCI; FIABCI -Correspondências Recebidas, Expedidas, Diversos - 1991;1991 a Set/1992; ;
11;Prado Chaves – Diretoria 8º andar;FIABCI; FIABCI -Correspondências Recebidas Janeiro a Setembro de 1992 e Diversos;; ;
;;;;;;
12;Prado Chaves – Diretoria 8º andar;FIABCI; FIABCI -Correspondências Recebidas Outubro a Dezembro - 1992;Out/1992 a Jun/1993; ;
12;Prado Chaves – Diretoria 8º andar;FIABCI; FIABCI -Correspondências Expedidas e Diversos - 1993;; ;
12;Prado Chaves – Diretoria 8º andar;FIABCI; FIABCI -Correspondências Recebidas Janeiro a Junho - 1993;;;
;;;;;;
13;Prado Chaves – Diretoria 8º andar;FIABCI; FIABCI- Correspondências Recebidas - Julho a Dezembro - 1993;Jul/1993 a Abr/1994;;
13;Prado Chaves – Diretoria 8º andar;FIABCI; FIABCI -Correspondências Recebidas - Janeiro a Abril - 1994;;;
;;;;;;
14;Prado Chaves – Diretoria 8º andar;FIABCI; FIABCI -Correspondências Recebidas - Maio a Dezembro - 1994 ;Mai/1994 a Dez/1995;;
14;Prado Chaves – Diretoria 8º andar;FIABCI; FIABCI -Correspondências Expedidas, Diversos, Documentos Legais - 1994 ;;;
14;Prado Chaves – Diretoria 8º andar;FIABCI; FIABCI -Correspondências Recebidas Janeiro a Dezembro - 1995 ;;;
;;;;;;
15;Prado Chaves – Diretoria 8º andar;FIABCI; FIABCI -Correspondências Expedidas/Documentos Legaise Diversos;1995;;
15;Prado Chaves – Diretoria 8º andar;FIABCI; FIABCI -Correspondências Expedidas Janeiro a Dezembro/ Minutas/Diversos;1996;;
15;Prado Chaves – Diretoria 8º andar;FIABCI; FIABCI -Correspondências Recebidas;1996;;
;;;;;;
16;Prado Chaves – Diretoria 8º andar;Eco 92;Eco 92 - Folhetos, Livros e Documentos Encontro Rio;-;1992;
;;;;;;
17;Prado Chaves – Diretoria 8º andar;FIABCI; FIABCI -Congressos (Viena, Singapura, Chicago) / Reuniões Inverno;1989 a 1994;;
17;Prado Chaves – Diretoria 8º andar;FIABCI; FIABCI -Congressos (Viena 89, Singapura 91, Encontro Punta);-;;
;;;;;;
18;Prado Chaves – Diretoria 8º andar;Múltiplos projetos; FIABCI- Habitat II / MIPIM / Firmas Imob (Ken Miller, James Matison);-;;
18;Prado Chaves – Diretoria 8º andar;Múltiplos projetos;FIABCI - Documentos Habitat II, MIPIM, Firmas Imob.;-;;
;;;;;;
19;Prado Chaves – Diretoria 8º andar;Múltiplos projetos;FIABCI - Reunião de Inverno Brasil (1991) / CICA / ICLEI / Red. Latino Americana;-;;
19;Prado Chaves – Diretoria 8º andar;Múltiplos projetos;FIABCI - Reunião de Inverno Brasil (1991) / CICA / ICLEI / Reestruturação Interna;-;;
;;;;;;
20;Prado Chaves – Diretoria 8º andar;Não identificado;Dir 8 - Correspondências Expedidas;1989 a Dez/1998;;
20;Prado Chaves – Diretoria 8º andar;Não identificado;DIR 8 Correspondências Expedidas;1989 a 1998;;
;;;;;;
21;Prado Chaves – Diretoria 8º andar;Lux Publicações;Lux Publicações;1987 a 1990;;
;;;;;;
22;Prado Chaves – Diretoria 8º andar;Lux Publicações;Lux PPublicações;1991 a 1993;;
;;;;;;
23;Prado Chaves – Diretoria 8º andar;Sobloco;Sobloco - Correspondências Recebidas e Expedidas;1984 a Jul/1998;;
23;Prado Chaves – Diretoria 8º andar;Sobloco;Sobloco Correspondências;1984 a 1998;;
;;;;;;
24;Prado Chaves – Diretoria 8º andar;Múltiplos projetos;PASTAS DAS GAVETAS - Creci / Sudene / Seconci / Paulínia / Mario Garnero / Nix Watergate;-;;
24;Prado Chaves – Diretoria 8º andar;Múltiplos projetos;PASTAS DAS GAVETAS - CRECI / SUDENE / Sabará / Mário Garnero / Pesquisas;-;;
;;;;;;
25;Prado Chaves – Diretoria 8º andar;FIABCI; FIABCI - Correspondências Recebidas e Expedidas;1997 a 1999;;
;;;;;;
26;Prado Chaves – Diretoria 8º andar;FIABCI; FIABCI - Estatutos (93) / Strategic Plan (90) / Editorial Fiabci Press / Revistas / Folhetos;-;;
;;;;;;
27;Prado Chaves – Diretoria 8º andar;FIABCI; FIABCI - Regras do Jogo / Estatuto Brasil / Vídeo Verso;-;;
27;Prado Chaves – Diretoria 8º andar;Prêmio Master;Prêmio Master / Liceu Encadernações;-;;
;;;;;;
28;Prado Chaves – Diretoria 8º andar;Sobloco;Sobloco - Ordens de Pagamento;1994 a 1998;;
28;Prado Chaves – Diretoria 8º andar;Múltiplos projetos;Pastas Reuniões (Riviera, Paulínia, Sociedade Amigos Parque Faber);-;;
28;Prado Chaves – Diretoria 8º andar;Múltiplos projetos;Sobloco Ordens de Pagamento / Pastas Reuni es (Riviera, Paulínia);94-98;;
;;;;;;
29;Prado Chaves – Diretoria 8º andar;Não identificado;Dr. LCPA (Contratos, Orçamentos, Propostas, Bancos, Recibos, Requerimentos, Estudos, Cálculos, Documentos Legais, Caio Marcondes, Romuo Esposito);-;;
;;;;;;
30;Prado Chaves – Diretoria 8º andar;Lux Publicações;Lux Publicações;1997 a 1999;;
;;;;;;
31;Prado Chaves – Diretoria 8º andar;Não identificado;Molduras Diversas;-;;
 ;;;;;;
32;Prado Chaves – Diretoria 8º andar;Não identificado;Molduras Diversas;-; ;
;;;;;;
33;Prado Chaves – Diretoria 8º andar;FIABCI;Molduras FIABCI;-; ;
;;;;;;
34;Prado Chaves – Diretoria 8º andar;Múltiplos projetos; PASTAS DAS GAVETAS - Av. Ibirapuera (Renato Ferrari) / Escritório Levy/Oscar Pedroso Horta/ Panorama/ Joaquim Mendonça/ Sr. Peter / Maison Suisse (Documentos Legais) / Caso Pignatari/Carlos Jereissati;-; ;
;;;;;;
35;Prado Chaves – Diretoria 8º andar;Múltiplos projetos;LCPA Molduras / FIABCI Projetos Prix Diversos;-; ;
;;;;;;
36;Prado Chaves – Diretoria 8º andar;FIABCI;Corresponcências Expedidas 2000 / Projetos Prix / Documentos Diversos;2000;-; 
;;;;;;
37;Prado Chaves – Diretoria 8º andar;Lux;Lux Publicões;2000/2001;-; 
37;Prado Chaves – Diretoria 8º andar;Não identificado;Ordem de Pagamento;1999 a 2001;-; 
37;Prado Chaves – Diretoria 8º andar;Rua Maranhão;Rua Maranhão - Correspondências recebidas e expedidas,Documentos, Contratos, Propostas, Diversos;-; ;
;;;;;;
38;Prado Chaves – Diretoria 8º andar;Não identificado;Dr. Luiz Carlos - Plano de Viagem;-; ;
38;Prado Chaves – Diretoria 8º andar;Não identificado;Protocolos;1993 a 1999;-;
;;;;;;
39;Prado Chaves – Diretoria 8º andar;RIVIERA; Documentos Professor Faiçal Simon - Fotos e Relatórios;-; ;
39;Prado Chaves – Diretoria 8º andar;RIVIERA;Relatório Rodolfo Geiser;-; ;
39;Prado Chaves – Diretoria 8º andar;Riviera de São Lourenço;Correspondências Sobloco, Praias, Acaraú;1979 a 1988;-;
;;;;;;
40;Prado Chaves – Diretoria 8º andar;Não identificado;Dr. Luiz Carlos - Correspondências Expedidas;1961 a 2000;-;
40;Prado Chaves – Diretoria 8º andar;Não identificado;Dr. Luiz Carlos - Correspondências Recebidas;1973 a 1993;-; 
40;Prado Chaves – Diretoria 8º andar;Não identificado;Dr. Luiz Carlos - Correspondências Recebidas;1994 a 1998;-; 
;;;;;;
41;Prado Chaves – Diretoria 8º andar;Lápis Johann Faber;Lápis Johann Faber - Minutas / Orçamentos / Propostas / Estudos / Cálculos / Tabelas;-; ;
;;;;;;
42;Prado Chaves – Diretoria 8º andar;Múltiplos projetos;CIP/Rhodia - Correspondências recebidas e Expedidas, Contratos, Orçamentos, Propostas, Escrituras, Documentos Legais, Atas, Procurações, Recibos,Minutas, Diversos;-; ;
;;;;;;
43;Prado Chaves – Diretoria 8º andar;Sobloco;Sobloco - Correspondências Expedidas (julho a dezembro/98 a 2001), Correspondências Recebidas (1998 a 2001) e Análise Financeira (1994 a 1999);1994 a 2001;-; 
;;;;;;
44;Prado Chaves – Diretoria 8º andar;Múltiplos projetos;Secovi - Coluna Secovi - Correspondências Recebidas 1994 a 1998/ Clubes (Paulistano, São Paulo Golf Club, Guarujá) / Ação Comunitária - Correspondências Recebidas e Expedidas 1995 a 2002;-; ;
;;;;;;
45;Prado Chaves – Diretoria 8º andar;Não identificado;CAIXA EXCLUÍDA;-;Obs: Excluída ;
46;Prado Chaves – Diretoria 8º andar;Múltiplos projetos;Fitas de Vídeo - Caixa 1 - Centro Empresarial de São Paulo - CESP, Construtora Walter Torre Jr - Galpões Industriais, Consid - Documentários em Português e Inglês, Estância ;;;
Balneária de Praia Grande, SPA Fit Solarium (2 fitas), Tecnisa - Racionalização - Prêmio Master 1996, São Paulo Fashion Center - La Fonte, O Poder das Ideias no Trabalho (Vídeo Comunicações), The Flat (Eugênio Associados Comunicação);-; ;;;;
46;Prado Chaves – Diretoria 8º andar;Múltiplos projetos;Fitas de Vídeo - Caixa 2 - West Lakes - Inglês, West Lakes 1992 - 2 fitas, Sheldon Good Speech - NAR, FIABCI Agosto de 1992, Projeto AMA - Hospital Samaritano, Operação Interligada - Outubro 1999 - Secovi, Abrasce, Sinduscon/SP, MAP Consultoria de Risco, Fita Demonstração Apresentador Inglês - Neviile de Almeida, Trilha Sonora);-; ;
46;Prado Chaves – Diretoria 8º andar;Múltiplos projetos;Fitas de Vídeo - Caixa 3 - Benchmarking - Outside The Box Harvard Business School, Secovi Institucional, Secovi Mananciais - 03/05/1999, Mata Atlântica: Uma viagem de Descoberta - Gov. Estado de São Paulo, Shopping Center Iguatemi São Carlos, Programa Debate Meio Ambiente TV Costa Norte - fitas 01 e 02, Entrevista com Deputado Ricardo Izar - TV Câmara/TV Senado - 29/04/1999);-; ;
;;;;;;
47;Prado Chaves – Diretoria 8º andar;Riviera de São Lourenço;Contratos / Estudos / Cálculos / Tabelas;-; ;
;;;;;;
48;Prado Chaves – Diretoria 8º andar;Múltiplos projetos;Riviera - Lopes Correspondências recebidas e expedidas, contratos, Atas, diversos/Relatório de Atividades Paulo Velzi, Marika Lage e Bolivar Barbanti/ Minutas, Plantas e Menoriais;-; ;
;;;;;;
49;Prado Chaves – Diretoria 8º andar;Riviera;Sociedade Amigos ETA/ETE - 2002 a 2003, Caso Riviera Park, Diversos 1998 a 2001, Centro Cívico Cultural, Arnaldo Paolielo;-; ;
;;;;;;
50;Prado Chaves – Diretoria 8º andar;Faber;Lápis Johann Faber - Correspondências diversas, texto audio visual, Ata S.C. Iguatemi, Diversos, Minutas,Pesquisa Mercado;-;;
;;;;;;
;;;;;;
;;;;;;
;;;;;;
;;;;;;
51;Prado Chaves – Diretoria 8º andar;FIABCI;Correspondências Recebidas e Expedidas;2001 a 2003;;
51;Prado Chaves – Diretoria 8º andar;FIABCI;Correspondências;2001 a 2003;;
;;;;;;
52;Prado Chaves – Diretoria 8º andar;Diversos;Molduras Diversas (FAAP, Secovi, Unibanco Ecologia);-;;
52;Prado Chaves – Diretoria 8º andar;Diversos;Molduras Diversas;-;;
;;;;;;
53;Prado Chaves – Diretoria 8º andar;Mídia;Recortes de Jornais / Rua Dr. Sarmento;-;;
53;Prado Chaves – Diretoria 8º andar;Mídia;Recortes de jornais / Rua Dr. Sarmento;-;;
;;;;;;
54;Prado Chaves – Diretoria 8º andar;Paulínia;Rhodia Paulínia / Paulicentro - Atas,Relat rios, Contratos;-;;
54;Prado Chaves – Diretoria 8º andar;Paulínia;Rhodia Paulínia / Paulicentro (Atas antigas, gráficos);-;;
;;;;;;
55;Prado Chaves – Diretoria 8º andar;Pessoal/Inst;Dr. Luiz Carlos e Sobloco - Corresp e Documentos;1999 a 2003;;
55;Prado Chaves – Diretoria 8º andar;Pessoal/Inst;Dr. LCPA (1999-2003) / Sobloco Construtora (2002-2003);-;;
;;;;;;
56;Prado Chaves – Diretoria 8º andar;Financeiro;Análise Financeira;2001 a 2004;;
56;Prado Chaves – Diretoria 8º andar;Imobili rio;Av. IV Centenário - Diversos;-;;
56;Prado Chaves – Diretoria 8º andar;Financeiro;Análise Financeira (2001-2004) / Av. IV Centenário;-;;
;;;;;;
57;Prado Chaves – Diretoria 8º andar;FIABCI;Correspondências 2004 / Diretório / Revistas Antigas;-;;
57;Prado Chaves – Diretoria 8º andar;FIABCI;Diretório / Revistas antigas;2004;;
;;;;;;
58;Prado Chaves – Diretoria 8º andar;Literatura;Livros: Ambientalismo Novo Colonialismo;-;;
58;Prado Chaves – Diretoria 8º andar;Literatura;120 Livros - Máfia Verde 2 - Novo Colonialismo;31/05/2006;;
59;Prado Chaves – Diretoria 8º andar;Literatura;Livros: Ambientalismo Novo Colonialismo;-;;
59;Prado Chaves – Diretoria 8º andar;Literatura;120 Livros - Máfia Verde 2 - Novo Colonialismo;31/05/2006;;
60;Prado Chaves – Diretoria 8º andar;Literatura;Livros: Lorenzo Carrasco - Ambientalismo;-;;
60;Prado Chaves – Diretoria 8º andar;Literatura;120 Livros - Máfia Verde 2 - Novo Colonialismo;31/05/2006;;
61;Prado Chaves – Diretoria 8º andar;Literatura;Livros: Máfia Verde (4ª Edição);-;;
61;Prado Chaves – Diretoria 8º andar;Literatura;84 Livros - Máfia Verde - 4ª Edição Ampliada;31/05/2006;;
62;Prado Chaves – Diretoria 8º andar;Literatura;Livros: Máfia Verde (4ª Edição);-;;
62;Prado Chaves – Diretoria 8º andar;Literatura;84 Livros - Máfia Verde - 4ª Edição Ampliada;31/05/2006;;
63;Prado Chaves – Diretoria 8º andar;Paulínia;Paulínia - Correspond ncias;1993 a 2005;;
64;Prado Chaves – Diretoria 8º andar;Paulínia;Paulicentro - Decretos / Estudos / Atas / Contratos;-;;
65;Prado Chaves – Diretoria 8º andar;Pessoal;São Paulo Golf Club / Club Athletico Paulistano / Plano Viagem;2001 a 2005;;
65;Prado Chaves – Diretoria 8º andar;Pessoal;São Paulo Golf Club / Club Athletico Paulistano / Plano de Viagem;2002-2005;;
66;Prado Chaves – Diretoria 8º andar;Literatura;Livros SFH (Material Sala Dr. Luiz Carlos);-;;
67;Prado Chaves – Diretoria 8º andar;Literatura;Livros SFH (Material Sala Dr. Luiz Carlos);-;;
68;Prado Chaves – Diretoria 8º andar;Corporativo;Lápis Johann Faber - Corresp Recebidas;1979 a Fev/2000;;
69;Prado Chaves – Diretoria 8º andar;Corporativo;Lápis Johann Faber - Corresp Expedidas;1979 a 1999;;
51;Prado Chaves – Diretoria 8º andar;FIABCI;Correspondências Recebidas e Expedidas;2001 a 2003; ;
52;Prado Chaves – Diretoria 8º andar;Múltiplos projetos;Molduras Diversas (Fundação Armando Alvares Penteado - CENAP (1999), Comercialização e Marketing - 4º Painel - Loteamentos Painéis de Mercado - Secovi (1992), Unibanco Ecologia - Riviera de São Lourenço (1995) - XII Encuentro Fiabci Cel Cono Sur (2002), 100 Grandes da Construção (1985) e Fluor Combate à Cárie Sim - Jornal da APCD);-; ;
53;Prado Chaves – Diretoria 8º andar;Não Identificado;Recortes de Jornais Diversos / Rua Dr. Sarmento;-; ;
54;Prado Chaves – Diretoria 8º andar;Múltiplos projetos;Rhodia Paulínia, Correspondências Recebidas, Expedidas, Contratos, Atas, Diversos / Paulicentro - Diversos, Atas Antigas, Relatórios, Graficos, Planilhas, Assuntos Diversos;-; ;
55;Prado Chaves – Diretoria 8º andar;Sobloco;Dr. Luiz Carlos - Correspondências Recebidas e Expedidas (1999 a 2003)/ Sobloco Construtora - Correspondências Recebidas e Expedidas (2002 a 2003), Documentos Legais, Diversos, Minutas, Contratos, Orçamentos ;1999 a 2003; ;
56;Prado Chaves – Diretoria 8º andar;Não identificado;Análise Financeira (2001 a 2004)/ Avenida IV Centenário - Diversos;2001 a 2004; ;
57;Prado Chaves – Diretoria 8º andar;FIABCI;Correspondências Recebidas e Expedidas 2004 / Diretório, Corporate Members, Novo Logo Fiabci / Revistas Antigas Diversas;-; ;
58;Prado Chaves – Diretoria 8º andar;Ambientalismo Novo Colonialismo;Livros: Ambientalismo Novo Colonialismo;-; ;
59;Prado Chaves – Diretoria 8º andar;Ambientalismo Novo Colonialismo;Livros: Ambientalismo Novo Colonialismo;-;;
60;Prado Chaves – Diretoria 8º andar;Ambientalismo;Lorenzo Carrasco - Livros Novo Ambientalismo Novo Colonialismo;-; ;
61;Prado Chaves – Diretoria 8º andar;Máfia Verde;Livros: Máfia Verde (4ª Edição);-; ;
62;Prado Chaves – Diretoria 8º andar;Máfia Verde;Livros: Máfia Verde (4ª Edição);-; ;
63;Prado Chaves – Diretoria 8º andar;Paulínia;Paulínia - Correspondências Expedidas e Recebidas de 1993 a 2005;1993 a 2005; ;
64;Prado Chaves – Diretoria 8º andar;Paulicentro;Paulicentro - Decretos / Documentos Legais / Estudos / Atas / Diversos / Contratos;-; ;
65;Prado Chaves – Diretoria 8º andar;Múltiplos projetos;São Paulo Golf Club (2001 a 2005)/ Club Athletico Paulistano (2003 a 2005) / Plano Viagem (2002 a 2005);2001 a 2005; ;
66;Prado Chaves – Diretoria 8º andar;SFH;Livros SFH (Material Sala Dr. Luiz Carlos);-; ;
68;Prado Chaves – Diretoria 8º andar;Lápis Johann Faber;Lápis Johann Faber - Corresp Recebidas de 1979 a Fevereiro de 2000;1979 a Fev/2000; ;
69;Prado Chaves – Diretoria 8º andar;Lápis Johann Faber;Lápis Johann Faber - Corresp Expedidas de 1979 a 1999;1979 a 1999;;
70;Prado Chaves – Diretoria 8º andar;Múltiplos projetos;Secovi - Correspondências Recebidas de 2002 a 2004/ Sobloco - Correspondências Recebidas e Expedidas de 2004 a 2005/ Análise Financeira 2006;2002 a 2006; ;
71;Prado Chaves – Diretoria 8º andar;Múltiplos projetos;Club Athletico Paulistano - Correspondências Recebidas 2006 / Dr. Luiz Carlos Pereira de Almeida, Rua Antonio de Godoy / Ordens Pagamento de 2002 a 2007/ Assinaturas Canceladas ;2002 a 2007; ;
72;Prado Chaves – Diretoria 8º andar;Demão de Verde;Lorenzo Carrasco - 22 Livros Demão de Verde;-; ;
73;Prado Chaves – Diretoria 8º andar;Não identificado;Lorenzo Carrasco - Folhetos Irregular contra Des. do Brasil Jun 2001 EIR;-; ;
74;Prado Chaves – Diretoria 8º andar;Múltiplos projetos;Fundação 10 de Agosto - Correspondências Recebidas de 1992 a 2005 / Decreto 750/93 / Gerenciamento Costeiro / Adviser Consultores 1988;-; ;
75;Prado Chaves – Diretoria 8º andar;Múltiplos projetos;Pastas das Gavetas: Aricanduva / Boulevard Morumbi Tabelas/ Caso Pedro Cesarino 1992 / Caso Pedreira / Caso Unipark / Caso Aveiro - Portugal / Caso ABNT / Caso White Martins / ETAE / CKL Auditores / Ciatec - Campinas / Experimento;-; ;
76;Prado Chaves – Diretoria 8º andar;Múltiplos projetos;Pastas das Gavetas: Edifício São Luis - Avenida Paulista / Escritura Orlando /  Fazenda Sete Quedas / João Lioz - Odon Pereira / Jundiaí - Dona Antonieta / Kenel Clube / Luiz Murat / Manoel Borges / Palo Verde Canil / Philco / Prohabita / Rubens Franco de Mello / SIGMA /  Trade Center Anhembi / Tabela Vendas Morumbi;-; ;
77;Prado Chaves – Diretoria 8º andar;Múltiplos projetos;Caminhos de San Conrado (Antigo - Fotos) / Escritura Jorge Peres (Bertioga) / Crowne Plaza (Diversos) / Fortaleza / Brasilinterpart / Shell Paulínia / USP Análise Água Praia de Pernambuco (1983);-; ;
78;Prado Chaves – Diretoria 8º andar;FIABCI;Diretórios 2002 a 2007 / Operações Interligadas;-; ;
79;Prado Chaves – Diretoria 8º andar;Múltiplos projetos;Prix D'Excellence - Trabalhos Antigos - Praia Grande 1997, Centro Têxtil Cyrella, Housing Athenas - Tsingans in Greece, Condomínio dos Anjos -Porto Alegre 2004, Villa de Madrid - 2004,Johns Creek ; 1997 e 2004; ;
80;Prado Chaves – Diretoria 8º andar;Múltiplos projetos;Pastas Suspensas: APS Brasília / Apadel / Buldogue Comunicação Estratégica / Búfalos em São Lourenço / Caso Armenio / Caso GHG / Centro Vendas Riviera / Despacho Guarani / Hill and Knowton / Recim / Lote CB - Arq. Valeria/ Quatro C - Arq. Caia/ Vendas Sr. Miguel Coatti - Riviera/  Proposta Wilson Reis / Macro Plano Módulo 6;-; ;
81;Prado Chaves – Diretoria 8º andar;A Hora da Hidrovia;Lorenzo Carrasco - 122 Livros A Hora da Hidrovia;-; ;
82;Prado Chaves – Diretoria 8º andar;A Hora da Hidrovia;Lorenzo Carrasco - 124 Livros A Hora da Hidrovia;-; ;
83;Prado Chaves – Diretoria 8º andar;Múltiplos projetos;Reunião Praias - Acaraú / Reunião Paulicentro / Clipping ADS/ Reunião Fazenda / Reunião Concepto Uno;-;;
84;Prado Chaves – Diretoria 8º andar;Lápis Johann Faber;Lápis Johann Faber - Processo 205/98 - Engenheiro Joaquim da Rocha Medeiros Jr. / Processo 202/99 / Recortes de Jornais;-; ;
85;Prado Chaves – Diretoria 8º andar;Fiabci;Habitat Award René Frank 2005 / Jornal Informativo - Press Fiabci - Diversos/ Prix D'Excellence 1995 a 2000;1995 a 2005; ;
86;Prado Chaves – Diretoria 8º andar;A Hora da Hidrovia;34 Livros A Hora da Hidrovia;-; ;
87;Prado Chaves – Diretoria 8º andar;Múltiplos projetos;Dr. Luiz Carlos Correspondências Expedidas e Recebidas 2004 a 2006 / Sobloco Correspondências Recebidas Secovi, Manual Graprohab 2006, Balanço Mercado Imobiliário 2006 e Analise Financeira 2007 a 2008;2004 a 2008; ;
88;Prado Chaves – Diretoria 8º andar;Não identificado;Riviera - Diário de Obra;-; ;
89;Prado Chaves – Diretoria 8º andar;Não identificado;Diário de Obra / Atas de Obras até 2007 / Gerenciamento Costeiro;-; ;
90;Prado Chaves – Diretoria 8º andar;Lápis Johann Faber; Correspondências trocadas entre Faber e Sobloco;1987 a 2004;;
;;;;;;
;;;;;;
91;Prado Chaves – Diretoria 8º andar;Faber Castell;Faber Castell - Loteamentos Fechados, São Carlos (Diversos), Caso Áreas 108 mil m2,Caso Susep, Caso Baps, Caso Marca Parque Faber;-; ;
92;Prado Chaves – Diretoria 8º andar;Sobloco;Sobloco Correspondências Recebidas e Expedidas (2006 a 2007) / Cash Flow (até 2008) / Pasta Attilio Piraino, Araraquara (Antigo- 2000);-; ;
93;Prado Chaves – Diretoria 8º andar;Não identificado;Fiabci - Correspondências Recebidas e Expedidas 2008/Dr.Luiz Carlos - Plano de Viagem de 2006 a 2008/ Hotéis Diversos - Catálogos e Folhetos;2006 a 2008; ;
94;Prado Chaves – Diretoria 8º andar;Múltiplos projetos;Pastas Suspensas: Capital Center Hotéis - Projeto de Fournier & Associados / Caso Sayeg x Crowne Plaza/ Estudo de Mercado Adviser Consultores 1988 Capital Center Hoteis / Capital Center Hoteis - Diversos / Crowne Plaza - Diversos;-; ;
95;Prado Chaves – Diretoria 8º andar;Solarium;Pastas Suspensas: Solarium - Processo Marca SPA (2 pastas) / Atas de Reuniões (junho de 1983 a abril de 1989)/ Diagnóstico Hotel Solarium (Junho 1992)/ Laudo de Avaliação - Adviser Consultores (1993);1983 a 1993;;
96;Prado Chaves – Diretoria 8º andar;Múltiplos projetos;Lorenzo Carrasco - 25 Livros Máfia Verde / 15 livros A Hora da Hidrovia / 07 livros Terror Contra o Estado Nacional;-; ;
97;Prado Chaves – Diretoria 8º andar;Não identificado;Fiabci / Prêmios Master (2006 a 2008 - Pastas de Avaliação) / Correspondências Expedidas e Recebidas 2009 / Correspondências Expedidas e Recebidas 1994 e Documentos antigos Salinha;-; ;
98;Prado Chaves – Diretoria 8º andar;Secovi;Secovi PL 2057 / Correspondências Recebidas e Expedidas 2008 e 2009 / Desafios (Denis Rosenfield) / Sumario Executivo ;-; ;
99;Prado Chaves – Diretoria 8º andar;Não identificado;Lorenzo Carrasco - Alerta Científico e Resenha Estratégica (2008 a 2009) / Ação Comunitária do Brasil - Correspondências Recebidas(2001 a 2009);-; ;
100;Prado Chaves – Diretoria 8º andar;Não identificado;Riviera - Diários de Obra;-; ;
101;Prado Chaves – Diretoria 8º andar;Agendas Leico;Agendas Leico;1996 a 2008; ;
102;Prado Chaves – Diretoria 8º andar;Múltiplos projetos;Análise Financeira (2009 a 2010) / Sobloco Correspondências Recebidas e Expedidas 2008 a 2010 / Protocolos 2000 a 2009;2000 a 2010; ;
103;Prado Chaves – Diretoria 8º andar;Não identificado;Agendas Secretárias Dr. Carlos F. Mello;1996 a 2010;;
104;Prado Chaves – Diretoria 8º andar;Múltiplos projetos; FIABCI - Correspondências expedidas e recebidas (2010) / Dr. Luiz Carlos - Correspondências expedidas e recebidas (2007 a 2009) / Dr. Luiz Carlos - Club Paulistano (2006 a 2010) ;2006 a 2010; ;
105;Prado Chaves – Diretoria 8º andar;Múltiplos projetos;Pastas Suspensas: Processo Banco Itaú / Canadá / Camara Americana Comércio Amcham Brasil / Cotonifício Giorgi / Concorrência Pública CDHU / Conversão de Dívida / Companhia Hipotecária / Creci / Copersucar (João Ometto) / Debêntures / Dossie Job Bassit / Fazenda Tupy (Mônica e Dr. Dimas) / Fazenda Santana / Favelas - Lei Desfavelamento / Fundos / Inflação / IL - International Living / Instituto Liberal / Javier Uribe / Lace / Loja Av São Gabriel / Metropolitan Plaza - Avaliação / MASP / NAR / Oswaldo Stecca / Ofertas no Uruguay - Áreas Rurais  / Pluricorp /  Plano 100 / Pesquisa Bandeirante - São Carlos - Senador Vergueiro ;-;;
106;Prado Chaves – Diretoria 8º andar;Múltiplos projetos; Senador Vergueiro / Tratativas Sr. Eulalio Vidigal Pontes / Terreno Praça da Sé / Unicor - UTI no ar / Pesquisa Marketing / Riviera de São Lourenço: Abramar / Aquisição Succar / Shopping Riviera / SIV Argentina / Terminal Ônibus / Unibanco Ecologia / Sul Brasil Engenharia / São Lourenço Extra / São Lourenço Marketing / Soc. Conta Participação ;-; ;
107;Prado Chaves – Diretoria 8º andar;Múltiplos projetos;Riviera de São Lourenço: Tratamento Esgoto (Atas 2003 a 2006) /Relatórios Fernando sobre Vendas M24 (2009) / Trabalho Dr. Mario Filho - Posição módulos 12, 17, 11, 16, 27 e 15 (2007 a 2008) / Encontro na RSL Emendas (2003) / Reunião Paulo Velzi (2002) / Relatórios Prof. Amer, Rita e Georgeta / Materiais para reuniões antigos diversos - 1993/1994 (marketing /Dr. Ribeiro e Dr. Roberto/Riviera) / PLC 107 / PL 2123 / Audiência com  Presidente do IBAMA, Dr. Raul Jungmann 11/04/1995 - Dr. Luiz Carlos/ Trabalhos Dr. Luiz Carlos, pastas coloridas: cinza - informações e comentários Março 1994, azul - informações e comentários sobre os fatos ocorridos entre março 1994 e fevereiro de 1995,  verde - informações e comentários sobre os fatos ocorridos entre fevereiro e junho de 1995, amarelo - aprovações junto à secretaria da agricultura e secretaria do meio ambiente, ação do MP e anexos;-; ;
108;Prado Chaves – Diretoria 8º andar;Múltiplos projetos;Espaço Cerâmica - Minutas / Consult / Credicard / Santech / CPFL / Propostas Diversas;-; ;
109;Prado Chaves – Diretoria 8º andar;FIABCI ;FIABCI / Pasta Prospecção Prix D'Excellence 2002/ Coletânea Fiabci Press Brasil até 2005 e Fiabci Press 2009 / Fiabci - Correspondências Expedidas e Recebidas 2011 e Diversos 1997 a 2008;1997 a 2011; ;
110;Prado Chaves – Diretoria 8º andar;Múltiplos projetos;Análise Financeira 2011 / Agendas Leico 2009 a 2011 / Dr. Luiz Carlos - Club Paulistano 2011 e Clube de Campo;2009 a 2011;;
111;Prado Chaves – Diretoria 8º andar;Guarujá Central Park;Guarujá Central Park - Minutas / Correspondências Recebidas (1990 a 2002) / Caso Maria Lucia Vidigal / Pasta Reunião Guarujá / Diversos ;-; ;
112;Prado Chaves – Diretoria 8º andar;FIABCI;10 Mini Troféus Prix - Roberto Vivas;-; ;
113;Prado Chaves – Diretoria 8º andar;FIABCI;Diversos - Material utilizado (diversos) Dr. Luiz Carlos durante a Presidência da Fiabci em 1993 / Material recebido Machado, Meyer, Senacz e Opice (folhetos diversos) / Interval International (folhetos diversos) / Informativo Mensal - Habitat Debate - março de 1998 e cartas de janeiro a Março de 1999 / Keneth Miller - A new century Habitat - South Padre Island, Texas, May 1990 /  Congresso Fiabci das Américas Agosto de 2003 - São Paulo -  Brasil / Reunião de Inverno 1993 / Fiabci Uruguai - 8 Encuentro FIABCI Del Cono Sur - 1998 / Congressos Fiabci - material de 1967, 1968, 1969, 1991 e diversos /  Hilton Hotels Corporations 1993 - Anual Report - reunião 1993 / Barcelona - reunião 2000 / Estudo - Water and Sanitation for Health Project - Fevereiro 1991 / Cartas Diversas encontradas entre 1992 e 2004 / 10 projetos Prix D'Excellence - 1992: La Florida (California USA), Internation Convention Centre (UK), Embankment Place (UK), Broadgate (UK), Compartir Soacha (Bogotá/Colombia), The Square (Ireland), Mexican Stock (Mexico), Bischan (Singapore);-; ;
114;Prado Chaves – Diretoria 8º andar;Não identificado;Molduras Dr. Luiz Carlos - The Who's Who in the World (1980,1981,1982,1983,1997), Fundação Abrinq (2000), Fiabci (The Board of Directors of FIABCI - Janeiro 2001, Diploma -Quartel em Guarujá - Agosto 2001 - Colaborador e Amigo;-; ;
115;Prado Chaves – Diretoria 8º andar;Não identificado;Cópia livro: Tratado de Fitogeografia do Brasil – Aspectos Sociolópticos e floristicos – 2º volume 2 – Carlos Toledo Rizzini – Editora da USP – 1979 / Cópia livro: Conheça a Vegetação Brasileira – Aylthon Bradão Joly – Editora da USP -1970 / Cópia livro: Estratégias de transição para ao século XXI (Ignacy Sachs) / Mourumbi/SP - Estudo recebido – Arlindo de Carvalho Pinto neto -30/09/1985 – Posição contratual de aquisição de lotes no Morumbi / Manual de orientação para Produções Habitacionais – Cecap (03 volumes) / Manual de Procedimentos – Mala direta nas empresas / Guarapiranga - Programa de Saneamento Ambiental da Bacia do Guarapiranga (02 volumes) / Santos -Logística Terrestre da baixada santista – 19/03/1998 / Sistema de Terminais de Carga na baixada Santista – DERSA – Setembro 1997 (02 vias) / Ribeirão Preto – Edital 005/94 – DAAE /  São Paulo – Terreno Rod. Castelo Branco – Fazenda Itahyê – 1993 / Riviera – Prêmio Ambiental Von Martius 2001 - Transformação de Iodo resultante de tratamento físico químico de esgoto em fertilizante natural na Riviera de São Lourenço / FEAC (fotos e plantas) / Maranhão – São Luiz (Helio de Paula Leite) – projeto urbanístico – dezembro 1991 / Empresa BIRE / Somobra – Ação renovatória Companhia Brasileira de distribuição – 1986 / Piracicaba / Capivari - Rodovia do Açúcar - 1982;-;;
116;Prado Chaves – Diretoria 8º andar;Múltiplos projetos;Dr. Luiz Carlos / Club Paulistano - Correspondências Recebidas 2012 / Listagem Mala Direta (Marketing Sobloco) / Análise Financeira 2012 / Roteiros Viagens - 2009 a 2011;-; ;
117;Prado Chaves – Diretoria 8º andar;Múltiplos projetos;Sobloco Correspondências Recebidas e Expedidas 2011 a 2012 / Correspondências Recebidas Lerman Ward Advogados - Apresentação / Secovi Correspondências Recebidas 2010/2012 e Estudos Diversos 2005 a 2008;-; ;
118;Prado Chaves – Diretoria 8º andar;Múltiplos projetos;São Carlos - Parqtec - Correspondências Recebidas 1992 a 2012 / Lápis Johann Faber - Anuência Climax / Lápis Johann Faber Correspondências Recebidas Março 2000 a 2007;-; ;
119;Prado Chaves – Diretoria 8º andar;Não identificado;Riviera - AARSL - Correspondências  Recebidas 2004 a 2001 / Escrituras / Procurações / Propostas/ Orçamentos / Encadernações Diversas;-; ;
120;Prado Chaves – Diretoria 8º andar;Múltiplos projetos;Pastas das gavetas: AELO / Ata de Reuniões Antigas São Paulo Golf Club / Caixa Economica Federal – Normas e Regulamentos / Fazenda Santa Cândida – Cevada / Fazenda Santa Candida – tabelas pontaletes / Financ. C. Braga / Fixed Rate Notes – Sobloco – Coutts / Fórum Legislativo de Des. Econ. São Paulo / IAPA / PIS x CAIXA / Plano Diretor / Reforma São Paulo Golf Club / Shopping Carlos – Prospectos / United Airlines;-; ;
121;Prado Chaves – Diretoria 8º andar;Não identificado;Ordem de Pagamento 2008 a 2013 / Análise Financeira Outubro, Novembro e Dezembro 2012 e Janeiro a Dezembro 2013 / World Economic International Monetary Fund - Brochuras Diversas (Azul);-; ;
122;Prado Chaves – Diretoria 8º andar;Não identificado;Riviera: Correspondências Recebidas 1979 a Abr/1993;1979 a Abr/1993; ;
123;Prado Chaves – Diretoria 8º andar;Não identificado;Riviera:Correspondências Recebidas Mai/1993 a 2002;Mai/1993 a 2002; ;
124;Prado Chaves – Diretoria 8º andar;Não identificado;Riviera:Correspondências Recebidas 2003 a 2008;2003 a 2008; ;
125;Prado Chaves – Diretoria 8º andar;Não identificado;Riviera:Correspondências Expedidas 1979 a 1996 / Troca de Correspondências Praias e Sobloco 1979 a 1988;1979 a 1996; ;
126;Prado Chaves – Diretoria 8º andar;Não identificado;Riviera:Correspondências Expedidas1997 a 2010;1997 a 2010;;
127;Prado Chaves – Diretoria 8º andar;Não identificado;Riviera:Correspondências Recebidas 2009 a Dez/2012;2009 a Dez/2012; ;
128;Prado Chaves – Diretoria 8º andar;Não identificado;ADM Dir 8 - Cronológico 1981 a 1989;1981 a 1989; ;
129;Prado Chaves – Diretoria 8º andar;Não identificado;ADM Dir 8 - Cronológico 1990 a 2006;1990 a 2006; ;
130;Prado Chaves – Diretoria 8º andar;Não identificado; Espaço Cerâmica - Correspondências Recebidas 1988 a 2006;1988 a 2006; ;
131;Prado Chaves – Diretoria 8º andar;Não identificado;Espaço Cerâmica - Correspondências Recebidas 2007 a 2012;2007 a 2012; ;
132;Prado Chaves – Diretoria 8º andar;Não identificado;Espaço Cerâmica - Correspondências Expedidas 1998 a 2004 / Correspondências Expedidas ADM. 050/03, ADM. 002/04, 019/04 e 002/06 ;1998 a 2006;;
;;;;;;
;;;;;;
;;;;;;
;;;;;;
;;;;;;
;;;;;;
;;;;;;
133;Prado Chaves – Diretoria 8º andar;Espaço Cerâmica;Correspond ncias Expedidas;2005 a 2010;;
134;Prado Chaves – Diretoria 8º andar;Espaço Cerâmica;Eletropaulo / Cobrape / Arcadis / Recortes Jornal;1999 a 2009;;
135;Prado Chaves – Diretoria 8º andar;Espaço Cerâmica;Minutas / Processo Enio Xavier x Sobloco;-;;
136;Prado Chaves – Diretoria 8º andar;Riviera;DEPRN - Corresp Rec/Exp / Pareceres (Tuzzolo, Milaré, etc);1991 a 1995;;
137;Prado Chaves – Diretoria 8º andar;Riviera;DEPRN - Decretos / Código Florestal / Autos Infração;-;;
137;Prado Chaves – Diretoria 8º andar;Riviera;Marina - Ações Populares / Laudos / Cetesb Antigas;-;;
138;Prado Chaves – Diretoria 8º andar;Literatura;Lorenzo Carrasco / Livros América do Sul;-;;
139;Prado Chaves – Diretoria 8º andar;Literatura;Lorenzo Carrasco / Máfia Verde / Capax Dei;-;;
140;Prado Chaves – Diretoria 8º andar;Literatura;Livros Diversos (Loteamentos, Bertioga, Culinária);-;;
141;Prado Chaves – Diretoria 8º andar;Ambiental/Arcadis;Trabalhos Arcadis;Dez/2003 a Jun/2009;;
141;Prado Chaves – Diretoria 8º andar;Ambiental/Arcadis;Plano de Ação - Monitoramento da Água;jul/07;;
142;Prado Chaves – Diretoria 8º andar;Ambiental/Arcadis;Trabalho Arcadis;Jul/2009 a Mai/2012;;
142;Prado Chaves – Diretoria 8º andar;Ambiental/Amppla;RAP -Relat rio Ambiental Preliminar;2005;;
142;Prado Chaves – Diretoria 8º andar;Consultoria/Colliers;Trabalho Colliers - Resumo Avaliação;Abr e Jun/2007;;
143;Prado Chaves – Diretoria 8º andar;Ambiental;EPAM - José Roberto Rodrigues -Relat rio Investigação Áreas Contaminadas;2003;;
143;Prado Chaves – Diretoria 8º andar;Planejamento;Planning -Relat rio Avaliação Estudo Urbano;set/09;;
143;Prado Chaves – Diretoria 8º andar;Planejamento;EIAV - Estudo de Impacto Amb. e de Vizinhança (Vol I e II);02/02/2010;;
143;Prado Chaves – Diretoria 8º andar;Jurídico;Trabalhos Dr. Fabiano (Pasta Azul);-;;
143;Prado Chaves – Diretoria 8º andar;Ambiental;Freire Consultoria - EIAV Reserve e Premier Ceramique;set/08;;
143;Prado Chaves – Diretoria 8º andar;Engenharia;Hidrostudio - Análise Impactos Drenagem Superficial;jan/10;;
143;Prado Chaves – Diretoria 8º andar;Jurídico;Parecer Coesa (Processo 4613/01);-;;
143;Prado Chaves – Diretoria 8º andar;Espaço Cerâmica;Pref. SCS -Relat rio Atualização Impacto Ambiental/Vizinhança;-;;
143;Prado Chaves – Diretoria 8º andar;Obras/Metrô;Resumo Fornecimento de Terra do Metrô;05/05/2009;;
144;Prado Chaves – Diretoria 8º andar;Comercial;Shopping São Caetano do Sul Leasing Mall;-;Pasta Azul;
144;Prado Chaves – Diretoria 8º andar;Comercial;Tratativas BR Malls / I.S.S. / Caso Multiplan / Gafisa;-;;
144;Prado Chaves – Diretoria 8º andar;Jurídico;Proposta Advogados (Dilermando, Luiz Eduardo, etc);-;;
149;Prado Chaves – Diretoria 8º andar;Marketing/Histórico;Folhetos Antigos;-;;
149;Prado Chaves – Diretoria 8º andar;Mídia;Riviera VHS (Pá de Cal, Debate Marina) / DVD Clorofila;-;;
149;Prado Chaves – Diretoria 8º andar;Mídia;VHS/DVD Diversos (FIABCI, Sobloco, Desafios, Sempla);-;;
150;Prado Chaves – Diretoria 8º andar;Riviera;Aditamentos ao Contrato de Empreitada Global - Minutas;2014;;
150;Prado Chaves – Diretoria 8º andar;Riviera;Assuntos Dep. Celia Leão - Mata Atlântica / Buriquioca;-;;
150;Prado Chaves – Diretoria 8º andar;Riviera;Banco Genética / Caso Barma / Caso Lindenberg;-;;
150;Prado Chaves – Diretoria 8º andar;Riviera;Caso TV a Cabo / Lote HE - Verde Mar / Unimed;-;;
150;Prado Chaves – Diretoria 8º andar;Riviera;Caso Pilhas Usadas / Viveiro / Quadrilátero / PI 5;-;;
150;Prado Chaves – Diretoria 8º andar;Riviera;Caso Praça Jardim do Sol / Benno e Oswaldo (Hotel/Flat);-;;
150;Prado Chaves – Diretoria 8º andar;Riviera;Código de Uso e Ocupação do Solo Cubatão;1983;;
150;Prado Chaves – Diretoria 8º andar;Riviera;Doria Associados / Sr. Dov (Guarujá);-;;
151;Prado Chaves – Diretoria 8º andar;Riviera;Enfoque / Edif cios Módulo 2 / Encontro Discutindo a Riviera;2014;;
151;Prado Chaves – Diretoria 8º andar;Riviera;Entrevista Tribuna de Santos;11/01/1983;;
151;Prado Chaves – Diretoria 8º andar;Riviera;Edson Bichir / Influencia Cargas (Hoffmann);-;;
151;Prado Chaves – Diretoria 8º andar;Riviera;Jardim das Praias / JNS Consultoria (Marina e EIA);-;;
151;Prado Chaves – Diretoria 8º andar;Riviera;Parecer Daniel Vera Cruz / Parecer Zilmelman (Ambiental);-;;
151;Prado Chaves – Diretoria 8º andar;Riviera;Pérsio Araújo (Água/Esgoto) / Pesquisa Paulo Florencio;1984;;
151;Prado Chaves – Diretoria 8º andar;Riviera;Placas Riviera / Portomarinst / Processo Oliveira Neves;1984;;
151;Prado Chaves – Diretoria 8º andar;Riviera;Quadro acontecidos / Roberto Aflalo (Expansão Shopping);-;;
151;Prado Chaves – Diretoria 8º andar;Riviera;SOS Mata Atlântica / Walter Lazzarini;-;;
152;Prado Chaves – Diretoria 8º andar;Pessoal/Viagem;Air France / American Airlines;-;;
152;Prado Chaves – Diretoria 8º andar;Pessoal;Arq. Sergio de Oliveira (Sambaquis);-;;
152;Prado Chaves – Diretoria 8º andar;Pessoal/Jurídico;Acordo Acionistas Capital Center / Crowne Plaza;-;;
152;Prado Chaves – Diretoria 8º andar;Pessoal;Casa da Luiza / Caso Paula (Cozinheira);-;;
152;Prado Chaves – Diretoria 8º andar;Imobili rio;Caso Flats / Ibiuna (Miguel Gonçalves) / Pitta (Isabelle);-;;
152;Prado Chaves – Diretoria 8º andar;Corporativo;Caso Nestlé (Boas Práticas) / Docklands (FAAP);-;;
152;Prado Chaves – Diretoria 8º andar;Jurídico;Caso Extrema Empr. x IBAMA;-;;
152;Prado Chaves – Diretoria 8º andar;Legislação;Decretos Diversos Antigos (2 pastas);-;;
152;Prado Chaves – Diretoria 8º andar;Urbanismo;Desenvolvimento Urbano - Texto Dr. LCPA;-;;
153;Prado Chaves – Diretoria 8º andar;Legislação;Estatutos Diversos / Estatuto das Cidades;2001;;
153;Prado Chaves – Diretoria 8º andar;Projetos Diversos;Hagrotel / Katoen Progen / Socicam;-;;
153;Prado Chaves – Diretoria 8º andar;Fiscal;Impostos Diversos;-;;
153;Prado Chaves – Diretoria 8º andar;Paulínia;Terminal Rodoviário / Publica  es Pref. / Licitação;-;;
153;Prado Chaves – Diretoria 8º andar;Paulínia;Processo Fepasa x Rhodia / Rhodia Area Cascata;-;;
153;Prado Chaves – Diretoria 8º andar;Jurídico;Pendência Jurídico Pro Memoria / Terreno Pça Republica;-;;
153;Prado Chaves – Diretoria 8º andar;Institucional;Resíduo Secovi / Reunião Política Secovi / SBC;-;;
154;Prado Chaves – Diretoria 8º andar;Institucional;Sinduscon / U.L.I (Pasta Antiga);-;;
154;Prado Chaves – Diretoria 8º andar;Corporativo;Solarium / Solarium Acordo Acionistas;-;;
154;Prado Chaves – Diretoria 8º andar;Pessoal;Smiles Milhagem / TAM Fidelidade;-;;
154;Prado Chaves – Diretoria 8º andar;Comercial;Tabela Vendas Parque Faber;2000 a Fev/2006;;
154;Prado Chaves – Diretoria 8º andar;Imobili rio;Tapetes São Carlos - Área;-;;
155;Prado Chaves – Diretoria 8º andar;Institucional;Estatutos Diversos;-;;
155;Prado Chaves – Diretoria 8º andar;Marketing;Folhetos Antigos (Paulínia, São Carlos, Sobloco, Riviera);-;;
156;Prado Chaves – Diretoria 8º andar;Pessoal/Dr. LCPA;Correspond ncias Recebidas e Expedidas;2010 a 2013;;
156;Prado Chaves – Diretoria 8º andar;Pessoal/Dr. LCPA;Dados para Palestras (Caixas I e II);-;;
157;Prado Chaves – Diretoria 8º andar;Riviera;Correspond ncias Expedidas;2011 a 2013;;
157;Prado Chaves – Diretoria 8º andar;Riviera;Correspond ncias Recebidas;2013 a 2014;;
157;Prado Chaves – Diretoria 8º andar;Mídia;Recortes de Jornais Diversos;-;;
158;Prado Chaves – Diretoria 8º andar;Riviera;Pasta DEPRN - Autorização Desmatamento / Rodolfo Geiser;-;;
158;Prado Chaves – Diretoria 8º andar;Riviera;Atas Obras / Visitação SIV / Diário Manejo / Jornal Riviera;1990 a 2014;;
159;Prado Chaves – Diretoria 8º andar;Riviera;Documentos Legais / Prefeitura / Certidões / Diário Oficial;-;;
159;Prado Chaves – Diretoria 8º andar;Riviera;Requerimentos;-;;
160;Prado Chaves – Diretoria 8º andar;Riviera;Riviera (Volta) Comunheiras;-;Obs: Ritornou;
160;Prado Chaves – Diretoria 8º andar;Diversos;Araraquara (Antigo) / Paulicentro;-;;
160;Prado Chaves – Diretoria 8º andar;Social;Ação Comunitária;2007 a 2015;;
160;Prado Chaves – Diretoria 8º andar;Imobili rio;Caso Kalunga x Guarita / Edif cio Jardim Leonor;-;;
160;Prado Chaves – Diretoria 8º andar;Pessoal;Luiz Henrique (Casamento e Reforma Apt);-;;
160;Prado Chaves – Diretoria 8º andar;Rural;Fazenda Santa C ndida(Diversos);-;;
160;Prado Chaves – Diretoria 8º andar;Paulínia;Rhodia / Paulínia;-;Data Ref: 05/01/16;
161;Prado Chaves – Diretoria 8º andar;Social;Fundação 10 de Agosto - Corresp. Recebidas;2006 a 2013;;
161;Prado Chaves – Diretoria 8º andar;Social;ISO 2013 / Atas Antigas / Diversos;-;;
162;Prado Chaves – Diretoria 8º andar;Espaço Cerâmica;Estudos / Piscinão / Trabalho AS&Thec (Antenas);-;;
162;Prado Chaves – Diretoria 8º andar;Espaço Cerâmica;Reunião Magnesita / Diário de Obra SCS;2009-2010;;
162;Prado Chaves – Diretoria 8º andar;Espaço Cerâmica;Relatório Obras Linha Alta Tensão / Plano Urbanização;2004;;
163;Prado Chaves – Diretoria 8º andar;FIABCI;Correspond ncias Recebidas;2012 a 2013;;
163;Prado Chaves – Diretoria 8º andar;FIABCI;Diretórios / Manual de la FIABCI (Antigo);2008 a 2014;;
164;Prado Chaves – Diretoria 8º andar;Pessoal/Dr. LCPA;Associação Viva o Centro / Assuntos Particulares (Jaguar);-;;
164;Prado Chaves – Diretoria 8º andar;Pessoal/Dr. LCPA;Apartamento Calamares / Casa do Pinhal;-;;
164;Prado Chaves – Diretoria 8º andar;Pessoal/Dr. LCPA;Audio Visual / Cartões Diversos / Convites;-;;
164;Prado Chaves – Diretoria 8º andar;Corporativo;Brasilinvest / Caminhos de San Conrado;-;;
165;Prado Chaves – Diretoria 8º andar;Jurídico/Casos;Aluisio Fagundes / Paris Palla / Ekke / Ed. Pinhal;-;;
165;Prado Chaves – Diretoria 8º andar;Jurídico/Casos;Marcas Famosas / D. Irene / Ireninha / London Eye;-;;
165;Prado Chaves – Diretoria 8º andar;Jurídico/Casos;Jacob Benaim / Pestana / Divida Luiz Alberto Duprat;-;;
165;Prado Chaves – Diretoria 8º andar;Corporativo;Contrato Imesc / Embratel / Embrapa / Fundação Abrinq;-;;
165;Prado Chaves – Diretoria 8º andar;Diversos;Direito Propriedade / Maurilio Mariano / Tenis Club;-;;
165;Prado Chaves – Diretoria 8º andar;Obras/Or amentos;Orçamento Guarita / Tabela de Comissões;-;;
165;Prado Chaves – Diretoria 8º andar;Pessoal;Evento Bodas de Ouro / Fazenda Sta Candida (Poço);-;;
166;Prado Chaves – Diretoria 8º andar;Diversos;Liceu Documentos Antigos / Oswaldo (Primo);-;;
166;Prado Chaves – Diretoria 8º andar;Jurídico;Loteamentos Fechados (Casos Judiciais);-;;
166;Prado Chaves – Diretoria 8º andar;Pessoal;Omint - Reembolsos Antigos LCPA;-;;
166;Prado Chaves – Diretoria 8º andar;Paulínia;Polo de Amonia e Uréia;-;;
166;Prado Chaves – Diretoria 8º andar;Imobili rio;Residencial Morumbi / Ruas Diversas (Sergipe, etc);-;;
166;Prado Chaves – Diretoria 8º andar;Adm;Reclamação de Clientes / Resíduos Sólidos;-;;
167;Prado Chaves – Diretoria 8º andar;São Carlos;Concorrência Pública / Parecer Juiz / Requerimento Sapé;-;;
167;Prado Chaves – Diretoria 8º andar;São Carlos;Plano Implantação Nova São Carlos / Res. Parque;-;;
167;Prado Chaves – Diretoria 8º andar;São Carlos;Contratos (Faber, Climax, Cetesb) / Parecer GLI/DEU;-;;
167;Prado Chaves – Diretoria 8º andar;São Carlos;Telesp Ripasa / Bom Retiro / MJ Casas Cedrinho;-;;
167;Prado Chaves – Diretoria 8º andar;São Carlos;Hercula Magistral / Caso Ação Gaber;-;;
168;Prado Chaves – Diretoria 8º andar;Diversos;São José dos Campos (Paolielo) / Sister Cities;-;;
168;Prado Chaves – Diretoria 8º andar;Diversos;Tradition / Thalassoterapie / Transgênicos;-;;
168;Prado Chaves – Diretoria 8º andar;Institucional;ULI / Pasta Sérgio Mauad;-;2012;
168;Prado Chaves – Diretoria 8º andar;Marketing;Folhetos Diversos (Sobloco, Riviera);-;;
168;Prado Chaves – Diretoria 8º andar;Pessoal;Assunto Particular Dr. LCPA (Fotos) / Helena;-;;
169;Prado Chaves – Diretoria 8º andar;Riviera;Alvarás Antigos / Caseiros / Zeladores / Ambulantes;-;;
169;Prado Chaves – Diretoria 8º andar;Riviera;Decretos Antigos / Estimativa Emprego / Imposto RSL;-;;
169;Prado Chaves – Diretoria 8º andar;Riviera;Estudos (Lopes e Outros) / Jardim Bertioga;-;;
170;Prado Chaves – Diretoria 8º andar;Riviera;McDonald's / Shopping / Posto Médico / Posto SL;-;;
170;Prado Chaves – Diretoria 8º andar;Riviera;Normas Cetesb / Sabesp / Seconci;-;;
170;Prado Chaves – Diretoria 8º andar;Riviera;Pareceres (Tuzzolo, Manuel Alceu, Portobrás);-;;
170;Prado Chaves – Diretoria 8º andar;Riviera;Projeto Viveiro;2013/2014;;
170;Prado Chaves – Diretoria 8º andar;Riviera;Riviera Flat (Ação) / Lote HE / Troféu SOS Praias;-;;
170;Prado Chaves – Diretoria 8º andar;Riviera;Soprac / Sobloco (Bisaggio - Petrobrás);-;;
171;Prado Chaves – Diretoria 8º andar;Adm;ADM Cronológico;2007 a 2010;;
171;Prado Chaves – Diretoria 8º andar;Adm;Sobloco - Correspond ncias Recebidas;2013;;
171;Prado Chaves – Diretoria 8º andar;Pessoal;Club Athletico Paulistano - Cartas Recebidas;2013;;
172;Prado Chaves – Diretoria 8º andar;Espaço Cerâmica;Correspond ncias Recebidas;2013;;
172;Prado Chaves – Diretoria 8º andar;Espaço Cerâmica;CBRE - Honorários / Correspond ncias / Estudos;-;;
173;Prado Chaves – Diretoria 8º andar;Espaço Cerâmica;Espaço Cerâmica / ITESCS / IPTU;-;;
174;Prado Chaves – Diretoria 8º andar;Pessoal/Certificados;Molduras / Certificados OESP / FAAP / Rotary;-;;
174;Prado Chaves – Diretoria 8º andar;FIABCI;Certificados Member e Reconhecimento;2003 a 2014;;
174;Prado Chaves – Diretoria 8º andar;Institucional;SINDUSCON / SECOVI / Global Housing Foundation;-;;
175;Prado Chaves – Diretoria 8º andar;Literatura;Lorenzo Carrasco / Livros Diversos (La Rouche, Máfia Verde);-;;
175;Prado Chaves – Diretoria 8º andar;Literatura;Alerta e Resenha;2009 a 2013;;
176;Prado Chaves – Diretoria 8º andar;FIABCI;Prix D'Excellence - Folhetos;-;;
176;Prado Chaves – Diretoria 8º andar;Prêmios;Prêmio Master - Pastas de Avaliação LCPA;2009 a 2010;;
177;Prado Chaves – Diretoria 8º andar;Mídia/Viagem;Revistas / Gerente de Cidade / Plano Viagem LCPA;2012/2013;;
178;Prado Chaves – Diretoria 8º andar;Incorporação;Memoriais: Marques de Castela / Toledo / Chateau D'Avignon;-;;
178;Prado Chaves – Diretoria 8º andar;Incorporação;Ed. Pq Acácias / Jd Leonor / Isabelle / New Star / CIP;-;;
179;Prado Chaves – Diretoria 8º andar;Incorporação;Memoriais: Regina / Guaritá / Nelson Baeta Neves;-;Obs: Reforma;
179;Prado Chaves – Diretoria 8º andar;Incorporação;Conj. Brasil Regência / Marques de Villa Rica / São Gabriel;-;;
179;Prado Chaves – Diretoria 8º andar;Incorporação;Marques de Ouro Preto / Tres Rios / Vista Alegre;-;;
179;Prado Chaves – Diretoria 8º andar;Incorporação;Vila Real / Anhembi / Santa Cruz / São Carlos;-;;
180;Prado Chaves – Diretoria 8º andar;Incorporação;Jardim Ely / Prof Brasilio Machado / Marques de Resende;-;;
180;Prado Chaves – Diretoria 8º andar;Incorporação;Nobre Paulista / Marques da Gávea / Paulino Longo;-;;
180;Prado Chaves – Diretoria 8º andar;Incorporação;São João da Palma / São João Del Rey / Barão de Petropolis;-;;
180;Prado Chaves – Diretoria 8º andar;Incorporação;Silvia Garnero / Barão de Duprat / Sevilha / Sagres;-;;
181;Prado Chaves – Diretoria 8º andar;Riviera;Riviera de São Lourenço / Campo de Golf;-;;
181;Prado Chaves – Diretoria 8º andar;Riviera;Comentários Laudos (Tuzzolo) / Cetesb / Acordo 1996;-;;
181;Prado Chaves – Diretoria 8º andar;Riviera;Embraesp (Hotel) / Instituto Metodista / Supermercado;-;;
181;Prado Chaves – Diretoria 8º andar;Riviera;Aprovações Originais / Sabesp Água e Esgoto;-;;
181;Prado Chaves – Diretoria 8º andar;Riviera;Pré Plano Prefeitura / Projetos Aprovados;-;Obs: Ritornou;
182;Prado Chaves – Diretoria 8º andar;S. Caetano do Sul;Corresp. Risa / Cabeamento / Material Escavação;-;2003;
182;Prado Chaves – Diretoria 8º andar;S. Caetano do Sul;Relatório Atividades Espaço Cerâmica;2011 a 2013;;
182;Prado Chaves – Diretoria 8º andar;S. Caetano do Sul;Evento GCSM / Título Cidadão Sulsancaetanense;2015;;
182;Prado Chaves – Diretoria 8º andar;Riviera;Aprovações Originais / Incra / Condephaat;-;Obs: Vide lista nova;
182;Prado Chaves – Diretoria 8º andar;Riviera;Projeto Aprovado Engenharia Sanitária;-;Obs: Reforma;
183;Prado Chaves – Diretoria 8º andar;FIABCI;Correspond ncias Expedidas e Recebidas;2012 a 2015;;
183;Prado Chaves – Diretoria 8º andar;FIABCI;Diretório 2015 / Coletânea Rio e Brasil;-;;
183;Prado Chaves – Diretoria 8º andar;Riviera;Cetesb / Aeronáutica / Incra (Pasta Grande);-;Obs: Vide nova;
184;Prado Chaves – Diretoria 8º andar;Escrit rio;Agendas / Cadernos / Lista Cartões Natal;2012 a 2014;;
184;Prado Chaves – Diretoria 8º andar;Escrit rio;Ordem de Pagamento / Assinaturas Antigas (Business Week);2014/2015;;
184;Prado Chaves – Diretoria 8º andar;Projetos;Parque Faber / Residencial Morumbi L4;-;Obs: Vide lista nova;
184;Prado Chaves – Diretoria 8º andar;Projetos;Nova São Carlos (Aeronáutica e Descrições);-;Obs: Reforma;
185;Prado Chaves – Diretoria 8º andar;Pessoal;Álbum de Foto;2015;Obs: Reforma;
186;Prado Chaves – Diretoria 8º andar;Pessoal;Agendas Dr. Luiz Carlos;1956 a 1976;Obs: Reforma;
187;Prado Chaves – Diretoria 8º andar;Pessoal;Agendas Dr. Luiz Carlos;1977 a 1996;Obs: Reforma;
188;Prado Chaves – Diretoria 8º andar;Pessoal;Agendas Dr. Luiz Carlos;1997 a 2014;Obs: Reforma;
189;Prado Chaves – Diretoria 8º andar;Riviera;Ação Civil Pública;Ago/2010 a Jun/2012;Obs: Reforma;
190;Prado Chaves – Diretoria 8º andar;Riviera;Ação Civil Pública - Diversos / Processos Diversos;-;;
196;Prado Chaves – Diretoria 8º andar;Pessoal/Jurídico;Pastas Az Maria Cecília (Questões de Locações, Consultas, Minutas);-;;
196;Prado Chaves – Diretoria 8º andar;Pessoal;Correspond ncias Expedidas (LC+Peral e Outras);-;;
196;Prado Chaves – Diretoria 8º andar;Jurídico;Consultas Advogados (Antigas) / Codebra / Caso Medina / Nelson Caldeira;Anos 70/80;;
196;Prado Chaves – Diretoria 8º andar;Jurídico/Pessoal;Salinha Dr. LCPA - Maria Cecília (Locações: Consultas, Corresp, Minutas);-;;
196;Prado Chaves – Diretoria 8º andar;Pessoal;Correspond ncias Expedidas (LC+Peral e Outras);-;;
196;Prado Chaves – Diretoria 8º andar;Jurídico;Consultas a Advogados (Antigas) / Codebra / Caso Medina / Nelson Caldeira;Anos 70/80;;
197;Prado Chaves – Diretoria 8º andar;Financeiro;Contas (Financeiro);2005 a 31/10/2012;;
197;Prado Chaves – Diretoria 8º andar;Riviera;Plantas Aprovadas Prefeitura de Santos / Família Magalhães;-;;
198;Prado Chaves – Diretoria 8º andar;FIABCI;Álbum de Fotos;-;;
198;Prado Chaves – Diretoria 8º andar;Pessoal;Livro de Fotos Dr. Luiz Carlos - Presidência Mundial / D. Vera;-;;
199;Prado Chaves – Diretoria 8º andar;Pessoal/Náutica;Gavetões - Livros sobre Marina e Álbum de Fotos;-;;
200;Prado Chaves – Diretoria 8º andar;Diversos;Gavetões - Materiais Diversos Antigos (Mudança 2015);-;;
201;Prado Chaves – Diretoria 8º andar;Institucional;Liceu - Correspond ncias Recebidas eRelat rios;1978 a 2009;;
201;Prado Chaves – Diretoria 8º andar;Pessoal;Dr. Luiz Carlos - Plano de Viagem;-;;
201;Prado Chaves – Diretoria 8º andar;Imobili rio;Aptos Riviera: Beach House / Bel Magalhães / Sr. Clóvis / Diversos;-;;
202;Prado Chaves – Diretoria 8º andar;São Carlos;Análise de Projeto (Estudos Econômicos Fábio Penteado);-;Obs: Reforma;
202;Prado Chaves – Diretoria 8º andar;São Carlos;Comportamento do Tadros / Climas/Electrolux;1996;Obs: Reforma;
202;Prado Chaves – Diretoria 8º andar;Diversos;Brasilinvest / Ed. Panorama Morumbi / Leonardo da Vinci;-;Obs: Reforma;
202;Prado Chaves – Diretoria 8º andar;Diversos;Dr. Jan Caloi / Jardim das Praias / Chácara Mattos / Trata Brasil;-;Obs: Reforma;
202;Prado Chaves – Diretoria 8º andar;Institucional;"Marca Sobloco (Contrato do ""5"")";-;Obs: Reforma;
203;Prado Chaves – Diretoria 8º andar;Rural/Econômico;Eco 92 / Plantação de Laranja (Estudo Econômico);1992;Obs: Reforma;
203;Prado Chaves – Diretoria 8º andar;Publica  es;Benno Perelmutter / Cidade / Interval / Dirigente / Revista Ind. Imobiliária;ago/92;Obs: Reforma;
203;Prado Chaves – Diretoria 8º andar;Institucional;Balancetes Sobloco / 500 Grandes da Construção / FAAP 60 Anos;Anos 70;Obs: Reforma;
203;Prado Chaves – Diretoria 8º andar;Jurídico;Caio Soares Pinto / Pareceres Jurídicos (Antigos);-;Obs: Reforma;
203;Prado Chaves – Diretoria 8º andar;Riviera;Minutas Definitivas de Contratos;-;Obs: Reforma;
203;Prado Chaves – Diretoria 8º andar;Diversos;RTKL / Seguros S.F.H. / Vila Cisper / Edif cio New Star (Documentos Antigos);-;Obs: Reforma;
204;Prado Chaves – Diretoria 8º andar;Financeiro/Adm;Análise Financeira / Atas Reunião de Diretoria;2014 e 02/13 a 07/15;;
204;Prado Chaves – Diretoria 8º andar;Publica  es;Alerta / Resenha / Jane (SECOVI);-;;
205;Prado Chaves – Diretoria 8º andar;Victoria House;Correspond ncias Recebidas e Expedidas;1988 a 2007;;
205;Prado Chaves – Diretoria 8º andar;Jurídico;Processo Telefônica;-;;
205;Prado Chaves – Diretoria 8º andar;Diversos;Folhetos / Documentos Antigos;-;;
206;Prado Chaves – Diretoria 8º andar;Publica  es;Revistas Balanço Anual;1981 a 2008 (Salteados);;
206;Prado Chaves – Diretoria 8º andar;Publica  es;Exame;1986 e 1987;;
207;Prado Chaves – Diretoria 8º andar;Espaço Cerâmica;Proposta / Prefeitura / Atas / Caso Aparecido Viana;2010 a 2015;;
207;Prado Chaves – Diretoria 8º andar;Mídia;Recortes de Jornal;2010 a 2015;;
10 a 14;Prado Chaves – Diretoria 8º andar;FIABCI;Correspond ncias e Documentos;1989 a 1995;;
15 a 16;Prado Chaves – Diretoria 8º andar;FIABCI;Correspond ncias e Documentos;1995 a 1996;;
21 a 22;Prado Chaves – Diretoria 8º andar;Publica  es;Lux Publica  es;1987 a 1993;;
25 a 27;Prado Chaves – Diretoria 8º andar;FIABCI/Inst;FIABCI (1997-1999) / Estatutos / Prêmio Master / Liceu;-;;
31 a 33;Prado Chaves – Diretoria 8º andar;Diversos;Molduras Diversas e Molduras FIABCI;-;;
35 a 36;Prado Chaves – Diretoria 8º andar;FIABCI;LCPA Molduras / Projetos Prix / Correspond ncias 2000;-;;
47 a 49;Prado Chaves – Diretoria 8º andar;Riviera;Contratos /Relat rios (Velzi/Marika) / Minutas / Soc. Amigos / Caso Riviera Park;-;;
58 a 62;Prado Chaves – Diretoria 8º andar;Literatura;Livros (Ambientalismo Novo Colonialismo, Máfia Verde) / Capax Dei;-;;
63 a 64;Prado Chaves – Diretoria 8º andar;Paulínia;Correspond ncias (1993-2005) / Paulicentro (Decretos, Estudos);-;;
66 a 67;Prado Chaves – Diretoria 8º andar;Literatura;Livros SFH (Sala Dr. Luiz Carlos);-;;
81, 82, 86;Prado Chaves – Diretoria 8º andar;Literatura;Livros A Hora da Hidrovia;-;;
53;Prado Chaves – Diretoria 8º andar;São Carlos;Faber Castell (2007);2007;;
53;Prado Chaves – Diretoria 8º andar;São Carlos;Prefeitura;;;
53;Prado Chaves – Diretoria 8º andar;São Carlos;Sobloco (2005);2005;;
53;Prado Chaves – Diretoria 8º andar;São Carlos;Ordem de Pagamento;;;
53;Prado Chaves – Diretoria 8º andar;São Carlos;Riviera de São Lourenço (2004);2004;;
53;Prado Chaves – Diretoria 8º andar;São Carlos;Diversos;;;
53;Prado Chaves – Diretoria 8º andar;PRAIAS PAULISTAS;2004 e 2005;2004/2005;;
53;Prado Chaves – Diretoria 8º andar;PRAIAS PAULISTAS;Corresp. Recebidas;;;
53;Prado Chaves – Diretoria 8º andar;PRAIAS PAULISTAS;Corresp. Expedias;;;
53;Prado Chaves – Diretoria 8º andar;PRAIAS PAULISTAS;SOPRAC;2004/2005;;
53;Prado Chaves – Diretoria 8º andar;PRAIAS PAULISTAS;Corresp. Recebidas;;;
53;Prado Chaves – Diretoria 8º andar;PRAIAS PAULISTAS;Corresp. Expedidas;;;
53;Prado Chaves – Diretoria 8º andar;PRAIAS PAULISTAS;Contratos;;;
53;Prado Chaves – Diretoria 8º andar;PRAIAS PAULISTAS;Atas;;;
53;Prado Chaves – Diretoria 8º andar;PRAIAS PAULISTAS;Diversos;;;
53;Prado Chaves – Diretoria 8º andar;PRAIAS PAULISTAS;Minutas;;;
53;Prado Chaves – Diretoria 8º andar;PRAIAS PAULISTAS;CONDEMA;2004/2005;;
53;Prado Chaves – Diretoria 8º andar;PRAIAS PAULISTAS;Corresp. Recebidas;;;
53;Prado Chaves – Diretoria 8º andar;PRAIAS PAULISTAS;Corresp. Expedidas;;;
53;Prado Chaves – Diretoria 8º andar;PRAIAS PAULISTAS;Diversos;;;
53;Prado Chaves – Diretoria 8º andar;SÃO CARLOS;Faber Castell - 2005;2005;;
53;Prado Chaves – Diretoria 8º andar;SÃO CARLOS;Corresp. Recebidas;;;
53;Prado Chaves – Diretoria 8º andar;SÃO CARLOS;Corresp. Expedidas;;;
53;Prado Chaves – Diretoria 8º andar;SÃO CARLOS;Atas do Parque Faber;;;
53;Prado Chaves – Diretoria 8º andar;SÃO CARLOS;Prefeitura;;;
53;Prado Chaves – Diretoria 8º andar;SÃO CARLOS;Requerimentos;;;
53;Prado Chaves – Diretoria 8º andar;SÃO CARLOS;Contratos;;;
53;Prado Chaves – Diretoria 8º andar;SÃO CARLOS;Diversos e Minutas;;;
53;Prado Chaves – Diretoria 8º andar;SÃO CARLOS;Faber Castell 2006;2006;;
53;Prado Chaves – Diretoria 8º andar;SÃO CARLOS;Corresp. Recebidas;;;
53;Prado Chaves – Diretoria 8º andar;SÃO CARLOS;Corresp. Expedias;;;
53;Prado Chaves – Diretoria 8º andar;SÃO CARLOS;Faber Castell 2007;2007;;
53;Prado Chaves – Diretoria 8º andar;SÃO CARLOS;Corresp. Recebidas;;;
53;Prado Chaves – Diretoria 8º andar;SÃO CARLOS;Corresp. Expedidas;;;
53;Prado Chaves – Diretoria 8º andar;SÃO CARLOS;Contratos;;;
53;Prado Chaves – Diretoria 8º andar;SÃO CARLOS;Estudos de Viabilidade;;;
53;Prado Chaves – Diretoria 8º andar;SÃO CARLOS;Estudos Diversos;;;
53;Prado Chaves – Diretoria 8º andar;SÃO CARLOS;Prefeitura;;;
53;Prado Chaves – Diretoria 8º andar;SÃO CARLOS;Requerimentos;;;
53;Prado Chaves – Diretoria 8º andar;SÃO CARLOS;Atas;;;
53;Prado Chaves – Diretoria 8º andar;SÃO CARLOS;Minutas;;;
53;Prado Chaves – Diretoria 8º andar;SÃO CARLOS;Faber Castell / Encadernações;;;
53;Prado Chaves – Diretoria 8º andar;SÃO CARLOS;Aprovação Orçamento 2005;2005;;
53;Prado Chaves – Diretoria 8º andar;SÃO CARLOS;Shopping Iguatemi;;;
53;Prado Chaves – Diretoria 8º andar;SÃO CARLOS;CIRA - Estudo preliminar;2007;;
53;Prado Chaves – Diretoria 8º andar;SÃO CARLOS;jan 2005 (Obs: Versão alterada posteriori);2005;;
54;Prado Chaves – Diretoria 8º andar;GUARUJÁ;MARIESTE 2005;2005;;
54;Prado Chaves – Diretoria 8º andar;GUARUJÁ;Corresp. Recebidas;;;
54;Prado Chaves – Diretoria 8º andar;GUARUJÁ;Corresp. Expedidas;;;
54;Prado Chaves – Diretoria 8º andar;GUARUJÁ;Diversos;;;
54;Prado Chaves – Diretoria 8º andar;SOBLOCO;2004 e 2005;2004/2005;;
54;Prado Chaves – Diretoria 8º andar;SOBLOCO;Corresp. Recebidas;;;
54;Prado Chaves – Diretoria 8º andar;SOBLOCO;Corresp. Expedidas;;;
54;Prado Chaves – Diretoria 8º andar;SOBLOCO;Memorandum interno;;;
54;Prado Chaves – Diretoria 8º andar;SOBLOCO;Relatório Dep. Jurídico;;;
54;Prado Chaves – Diretoria 8º andar;SOBLOCO;Relatório Esc. Advocacia;;;
54;Prado Chaves – Diretoria 8º andar;SOBLOCO;2004, 2005 e 2006;2004/2005/2006;;
54;Prado Chaves – Diretoria 8º andar;SOBLOCO;Análise Financeira;;;
54;Prado Chaves – Diretoria 8º andar;SOBLOCO;Ordem de Pagamento;;;
54;Prado Chaves – Diretoria 8º andar;SOBLOCO;Protocolo Externo;;;
55;Prado Chaves – Diretoria 8º andar;CAPITAL CENTER;2006 / 2007 / 2008;2006/2007/2008;;
55;Prado Chaves – Diretoria 8º andar;CAPITAL CENTER;Corresp. Recebidas;;;
55;Prado Chaves – Diretoria 8º andar;CAPITAL CENTER;Corresp. Expedidas;;;
55;Prado Chaves – Diretoria 8º andar;CAPITAL CENTER;Balanços / Balancetes;;;
55;Prado Chaves – Diretoria 8º andar;CAPITAL CENTER;Procurações / Seguros;;;
55;Prado Chaves – Diretoria 8º andar;CAPITAL CENTER;Estatutos Sociais / Posição acionária;;;
55;Prado Chaves – Diretoria 8º andar;CAPITAL CENTER;Atas Conselho de Administração;;;
55;Prado Chaves – Diretoria 8º andar;CAPITAL CENTER;Contratos com Empresas;;;
55;Prado Chaves – Diretoria 8º andar;CAPITAL CENTER;Daily Report (2006);2006;;
55;Prado Chaves – Diretoria 8º andar;CAPITAL CENTER;CAPITAL Empreendimentos / CEPAR;;;
55;Prado Chaves – Diretoria 8º andar;CAPITAL CENTER;Contratos / Atas / Diversos;;;
55;Prado Chaves – Diretoria 8º andar;CAPITAL CENTER;Acordo de acionistas;;;
55;Prado Chaves – Diretoria 8º andar;CAPITAL CENTER;Diversos;;;
55;Prado Chaves – Diretoria 8º andar;CAPITAL CENTER;Contratos Holiday Inn;;;
55;Prado Chaves – Diretoria 8º andar;CAPITAL CENTER;Open Door / Consultoria - 1997;1997;;
55;Prado Chaves – Diretoria 8º andar;CAPITAL CENTER;Projeto Construção CCH;;;
55;Prado Chaves – Diretoria 8º andar;CAPITAL CENTER;Carta WWI Investmente Corp. 21/10/2004;2004;;
55;Prado Chaves – Diretoria 8º andar;CAPITAL CENTER;Minuta apresentada Pinheiro Neto 1996;1996;;
55;Prado Chaves – Diretoria 8º andar;CAPITAL CENTER;Minuta aditivo Contrato Gerenciamento;;;
55;Prado Chaves – Diretoria 8º andar;CAPITAL CENTER;Relatório Walter Ribeiro - 1996;1996;;
55;Prado Chaves – Diretoria 8º andar;CAPITAL CENTER;Elevadores Atlas;;;
55;Prado Chaves – Diretoria 8º andar;CAPITAL CENTER;Hotel Investment Advisors - Avaliação Econômica;2002;;
55;Prado Chaves – Diretoria 8º andar;CAPITAL CENTER;Levantamento receb. C.Plaza - 13/03/2003;2003;;
55;Prado Chaves – Diretoria 8º andar;CAPITAL CENTER;Minuta Recebida Soteconti - 1999;1999;;
55;Prado Chaves – Diretoria 8º andar;CAPITAL CENTER;Relatório Recebido Soteconti - 2000;2000;;
55;Prado Chaves – Diretoria 8º andar;CAPITAL CENTER;Dossiê Benno Sucholdolski;1996;;
55;Prado Chaves – Diretoria 8º andar;CAPITAL CENTER;Corresp. Trocadas Grupo Holiday Inns 1995 e 1996;1995/1996;;
55;Prado Chaves – Diretoria 8º andar;CAPITAL CENTER;Corresp. Trocadas Grupo Forte/Meridien 1995 e 1996;1995/1996;;
55;Prado Chaves – Diretoria 8º andar;CAPITAL CENTER;Receb. Charles Anderson Bell (Diversas datas 1995);1995;;
